Timestamp,Year,hash-rate
2009-01-03 00:00:00,2009,4.97E-08
2009-01-06 00:00:00,2009,0.00E+00
2009-01-09 00:00:00,2009,6.96E-07
2009-01-12 00:00:00,2009,4.42E-06
2009-01-15 00:00:00,2009,6.31E-06
2009-01-18 00:00:00,2009,5.02E-06
2009-01-21 00:00:00,2009,5.62E-06
2009-01-24 00:00:00,2009,9.89E-06
2009-01-27 00:00:00,2009,5.12E-06
2009-01-30 00:00:00,2009,6.01E-06
2009-02-02 00:00:00,2009,6.31E-06
2009-02-05 00:00:00,2009,6.01E-06
2009-02-08 00:00:00,2009,6.66E-06
2009-02-11 00:00:00,2009,6.51E-06
2009-02-14 00:00:00,2009,7.01E-06
2009-02-17 00:00:00,2009,5.87E-06
2009-02-20 00:00:00,2009,6.36E-06
2009-02-23 00:00:00,2009,5.32E-06
2009-02-26 00:00:00,2009,4.77E-06
2009-03-01 00:00:00,2009,5.27E-06
2009-03-04 00:00:00,2009,5.27E-06
2009-03-07 00:00:00,2009,5.52E-06
2009-03-10 00:00:00,2009,5.22E-06
2009-03-13 00:00:00,2009,5.67E-06
2009-03-16 00:00:00,2009,6.46E-06
2009-03-19 00:00:00,2009,6.06E-06
2009-03-22 00:00:00,2009,4.72E-06
2009-03-25 00:00:00,2009,5.77E-06
2009-03-28 00:00:00,2009,5.92E-06
2009-03-31 00:00:00,2009,5.62E-06
2009-04-03 00:00:00,2009,5.62E-06
2009-04-06 00:00:00,2009,5.72E-06
2009-04-09 00:00:00,2009,4.92E-06
2009-04-12 00:00:00,2009,5.72E-06
2009-04-15 00:00:00,2009,5.57E-06
2009-04-18 00:00:00,2009,6.06E-06
2009-04-21 00:00:00,2009,6.11E-06
2009-04-24 00:00:00,2009,5.62E-06
2009-04-27 00:00:00,2009,5.22E-06
2009-04-30 00:00:00,2009,6.56E-06
2009-05-03 00:00:00,2009,5.67E-06
2009-05-06 00:00:00,2009,6.81E-06
2009-05-09 00:00:00,2009,4.52E-06
2009-05-12 00:00:00,2009,6.31E-06
2009-05-15 00:00:00,2009,7.11E-06
2009-05-18 00:00:00,2009,6.16E-06
2009-05-21 00:00:00,2009,4.42E-06
2009-05-24 00:00:00,2009,4.77E-06
2009-05-27 00:00:00,2009,6.21E-06
2009-05-30 00:00:00,2009,5.12E-06
2009-06-02 00:00:00,2009,4.42E-06
2009-06-05 00:00:00,2009,2.83E-06
2009-06-08 00:00:00,2009,3.58E-06
2009-06-11 00:00:00,2009,4.62E-06
2009-06-14 00:00:00,2009,3.48E-06
2009-06-17 00:00:00,2009,3.83E-06
2009-06-20 00:00:00,2009,4.18E-06
2009-06-23 00:00:00,2009,3.78E-06
2009-06-26 00:00:00,2009,4.42E-06
2009-06-29 00:00:00,2009,3.78E-06
2009-07-02 00:00:00,2009,3.58E-06
2009-07-05 00:00:00,2009,3.98E-06
2009-07-08 00:00:00,2009,3.93E-06
2009-07-11 00:00:00,2009,4.18E-06
2009-07-14 00:00:00,2009,3.58E-06
2009-07-17 00:00:00,2009,3.23E-06
2009-07-20 00:00:00,2009,3.73E-06
2009-07-23 00:00:00,2009,3.28E-06
2009-07-26 00:00:00,2009,6.46E-07
2009-07-29 00:00:00,2009,1.59E-06
2009-08-01 00:00:00,2009,1.14E-06
2009-08-04 00:00:00,2009,2.88E-06
2009-08-07 00:00:00,2009,3.68E-06
2009-08-10 00:00:00,2009,4.08E-06
2009-08-13 00:00:00,2009,4.03E-06
2009-08-16 00:00:00,2009,1.24E-06
2009-08-19 00:00:00,2009,7.46E-07
2009-08-22 00:00:00,2009,3.98E-07
2009-08-25 00:00:00,2009,2.73E-06
2009-08-28 00:00:00,2009,3.18E-06
2009-08-31 00:00:00,2009,4.67E-06
2009-09-03 00:00:00,2009,2.98E-06
2009-09-06 00:00:00,2009,3.58E-06
2009-09-09 00:00:00,2009,2.88E-06
2009-09-12 00:00:00,2009,3.53E-06
2009-09-15 00:00:00,2009,2.78E-06
2009-09-18 00:00:00,2009,4.03E-06
2009-09-21 00:00:00,2009,3.68E-06
2009-09-24 00:00:00,2009,4.08E-06
2009-09-27 00:00:00,2009,4.42E-06
2009-09-30 00:00:00,2009,4.32E-06
2009-10-03 00:00:00,2009,2.88E-06
2009-10-06 00:00:00,2009,2.04E-06
2009-10-09 00:00:00,2009,3.88E-06
2009-10-12 00:00:00,2009,3.08E-06
2009-10-15 00:00:00,2009,4.23E-06
2009-10-18 00:00:00,2009,3.18E-06
2009-10-21 00:00:00,2009,4.13E-06
2009-10-24 00:00:00,2009,3.73E-06
2009-10-27 00:00:00,2009,3.28E-06
2009-10-30 00:00:00,2009,3.03E-06
2009-11-02 00:00:00,2009,1.64E-06
2009-11-05 00:00:00,2009,3.18E-06
2009-11-08 00:00:00,2009,3.48E-06
2009-11-11 00:00:00,2009,3.43E-06
2009-11-14 00:00:00,2009,4.13E-06
2009-11-17 00:00:00,2009,4.52E-06
2009-11-20 00:00:00,2009,4.08E-06
2009-11-23 00:00:00,2009,4.77E-06
2009-11-26 00:00:00,2009,3.88E-06
2009-11-29 00:00:00,2009,2.88E-06
2009-12-02 00:00:00,2009,4.87E-06
2009-12-05 00:00:00,2009,2.58E-06
2009-12-08 00:00:00,2009,5.92E-06
2009-12-11 00:00:00,2009,6.21E-06
2009-12-14 00:00:00,2009,5.37E-06
2009-12-17 00:00:00,2009,8.00E-06
2009-12-20 00:00:00,2009,8.70E-06
2009-12-23 00:00:00,2009,8.40E-06
2009-12-26 00:00:00,2009,7.90E-06
2009-12-29 00:00:00,2009,8.15E-06
2010-01-01 00:00:00,2010,7.00E-06
2010-01-04 00:00:00,2010,1.12E-05
2010-01-07 00:00:00,2010,9.35E-06
2010-01-10 00:00:00,2010,1.12E-05
2010-01-13 00:00:00,2010,1.03E-05
2010-01-16 00:00:00,2010,8.69E-06
2010-01-19 00:00:00,2010,7.72E-06
2010-01-22 00:00:00,2010,9.73E-06
2010-01-25 00:00:00,2010,1.36E-05
2010-01-28 00:00:00,2010,1.16E-05
2010-01-31 00:00:00,2010,1.38E-05
2010-02-03 00:00:00,2010,1.62E-05
2010-02-06 00:00:00,2010,1.73E-05
2010-02-09 00:00:00,2010,1.89E-05
2010-02-12 00:00:00,2010,1.69E-05
2010-02-15 00:00:00,2010,2.32E-05
2010-02-18 00:00:00,2010,2.88E-05
2010-02-21 00:00:00,2010,2.69E-05
2010-02-24 00:00:00,2010,3.57E-05
2010-02-27 00:00:00,2010,3.25E-05
2010-03-02 00:00:00,2010,3.68E-05
2010-03-05 00:00:00,2010,3.29E-05
2010-03-08 00:00:00,2010,3.06E-05
2010-03-11 00:00:00,2010,3.29E-05
2010-03-14 00:00:00,2010,2.82E-05
2010-03-17 00:00:00,2010,2.77E-05
2010-03-20 00:00:00,2010,4.35E-05
2010-03-23 00:00:00,2010,4.65E-05
2010-03-26 00:00:00,2010,4.43E-05
2010-03-29 00:00:00,2010,4.36E-05
2010-04-01 00:00:00,2010,5.72E-05
2010-04-04 00:00:00,2010,5.02E-05
2010-04-07 00:00:00,2010,5.84E-05
2010-04-10 00:00:00,2010,7.26E-05
2010-04-13 00:00:00,2010,6.41E-05
2010-04-16 00:00:00,2010,7.85E-05
2010-04-19 00:00:00,2010,8.44E-05
2010-04-22 00:00:00,2010,1.01E-04
2010-04-25 00:00:00,2010,9.63E-05
2010-04-28 00:00:00,2010,9.97E-05
2010-05-01 00:00:00,2010,9.29E-05
2010-05-04 00:00:00,2010,8.30E-05
2010-05-07 00:00:00,2010,8.37E-05
2010-05-10 00:00:00,2010,8.75E-05
2010-05-13 00:00:00,2010,8.30E-05
2010-05-16 00:00:00,2010,6.13E-05
2010-05-19 00:00:00,2010,1.03E-04
2010-05-22 00:00:00,2010,1.13E-04
2010-05-25 00:00:00,2010,1.27E-04
2010-05-28 00:00:00,2010,1.29E-04
2010-05-31 00:00:00,2010,1.26E-04
2010-06-03 00:00:00,2010,1.30E-04
2010-06-06 00:00:00,2010,1.25E-04
2010-06-09 00:00:00,2010,1.34E-04
2010-06-12 00:00:00,2010,1.18E-04
2010-06-15 00:00:00,2010,1.69E-04
2010-06-18 00:00:00,2010,1.28E-04
2010-06-21 00:00:00,2010,1.40E-04
2010-06-24 00:00:00,2010,1.76E-04
2010-06-27 00:00:00,2010,1.53E-04
2010-06-30 00:00:00,2010,1.77E-04
2010-07-03 00:00:00,2010,1.93E-04
2010-07-06 00:00:00,2010,1.96E-04
2010-07-09 00:00:00,2010,2.21E-04
2010-07-12 00:00:00,2010,5.99E-04
2010-07-15 00:00:00,2010,1.41E-03
2010-07-18 00:00:00,2010,1.62E-03
2010-07-21 00:00:00,2010,1.82E-03
2010-07-24 00:00:00,2010,1.67E-03
2010-07-27 00:00:00,2010,2.12E-03
2010-07-30 00:00:00,2010,2.21E-03
2010-08-02 00:00:00,2010,3.08E-03
2010-08-05 00:00:00,2010,2.96E-03
2010-08-08 00:00:00,2010,3.36E-03
2010-08-11 00:00:00,2010,3.80E-03
2010-08-14 00:00:00,2010,4.57E-03
2010-08-17 00:00:00,2010,3.33E-03
2010-08-20 00:00:00,2010,4.25E-03
2010-08-23 00:00:00,2010,5.52E-03
2010-08-26 00:00:00,2010,5.29E-03
2010-08-29 00:00:00,2010,4.90E-03
2010-09-01 00:00:00,2010,5.45E-03
2010-09-04 00:00:00,2010,5.55E-03
2010-09-07 00:00:00,2010,4.68E-03
2010-09-10 00:00:00,2010,6.06E-03
2010-09-13 00:00:00,2010,5.81E-03
2010-09-16 00:00:00,2010,6.73E-03
2010-09-19 00:00:00,2010,9.58E-03
2010-09-22 00:00:00,2010,7.89E-03
2010-09-25 00:00:00,2010,9.22E-03
2010-09-28 00:00:00,2010,9.86E-03
2010-10-01 00:00:00,2010,1.02E-02
2010-10-04 00:00:00,2010,1.01E-02
2010-10-07 00:00:00,2010,1.13E-02
2010-10-10 00:00:00,2010,1.13E-02
2010-10-13 00:00:00,2010,1.16E-02
2010-10-16 00:00:00,2010,1.64E-02
2010-10-19 00:00:00,2010,1.66E-02
2010-10-22 00:00:00,2010,1.63E-02
2010-10-25 00:00:00,2010,2.24E-02
2010-10-28 00:00:00,2010,2.30E-02
2010-10-31 00:00:00,2010,2.80E-02
2010-11-03 00:00:00,2010,3.09E-02
2010-11-06 00:00:00,2010,3.10E-02
2010-11-09 00:00:00,2010,5.41E-02
2010-11-12 00:00:00,2010,3.86E-02
2010-11-15 00:00:00,2010,4.98E-02
2010-11-18 00:00:00,2010,5.93E-02
2010-11-21 00:00:00,2010,4.61E-02
2010-11-24 00:00:00,2010,6.32E-02
2010-11-27 00:00:00,2010,6.25E-02
2010-11-30 00:00:00,2010,8.43E-02
2010-12-03 00:00:00,2010,7.71E-02
2010-12-06 00:00:00,2010,9.64E-02
2010-12-09 00:00:00,2010,1.00E-01
2010-12-12 00:00:00,2010,1.06E-01
2010-12-15 00:00:00,2010,1.09E-01
2010-12-18 00:00:00,2010,9.62E-02
2010-12-21 00:00:00,2010,1.20E-01
2010-12-24 00:00:00,2010,1.08E-01
2010-12-27 00:00:00,2010,1.16E-01
2010-12-30 00:00:00,2010,1.15E-01
2011-01-02 00:00:00,2011,1.30E-01
2011-01-05 00:00:00,2011,1.22E-01
2011-01-08 00:00:00,2011,1.56E-01
2011-01-11 00:00:00,2011,1.31E-01
2011-01-14 00:00:00,2011,1.41E-01
2011-01-17 00:00:00,2011,1.59E-01
2011-01-20 00:00:00,2011,1.54E-01
2011-01-23 00:00:00,2011,1.56E-01
2011-01-26 00:00:00,2011,1.79E-01
2011-01-29 00:00:00,2011,1.64E-01
2011-02-01 00:00:00,2011,1.96E-01
2011-02-04 00:00:00,2011,2.08E-01
2011-02-07 00:00:00,2011,2.25E-01
2011-02-10 00:00:00,2011,2.44E-01
2011-02-13 00:00:00,2011,2.64E-01
2011-02-16 00:00:00,2011,2.99E-01
2011-02-19 00:00:00,2011,3.19E-01
2011-02-22 00:00:00,2011,3.84E-01
2011-02-25 00:00:00,2011,4.02E-01
2011-02-28 00:00:00,2011,4.61E-01
2011-03-03 00:00:00,2011,5.06E-01
2011-03-06 00:00:00,2011,7.46E-01
2011-03-09 00:00:00,2011,5.98E-01
2011-03-12 00:00:00,2011,5.19E-01
2011-03-15 00:00:00,2011,3.67E-01
2011-03-18 00:00:00,2011,5.23E-01
2011-03-21 00:00:00,2011,5.87E-01
2011-03-24 00:00:00,2011,5.76E-01
2011-03-27 00:00:00,2011,5.25E-01
2011-03-30 00:00:00,2011,5.35E-01
2011-04-02 00:00:00,2011,6.48E-01
2011-04-05 00:00:00,2011,6.93E-01
2011-04-08 00:00:00,2011,6.39E-01
2011-04-11 00:00:00,2011,6.30E-01
2011-04-14 00:00:00,2011,6.67E-01
2011-04-17 00:00:00,2011,7.29E-01
2011-04-20 00:00:00,2011,6.61E-01
2011-04-23 00:00:00,2011,7.80E-01
2011-04-26 00:00:00,2011,8.86E-01
2011-04-29 00:00:00,2011,9.27E-01
2011-05-02 00:00:00,2011,9.70E-01
2011-05-05 00:00:00,2011,1.24E+00
2011-05-08 00:00:00,2011,1.12E+00
2011-05-11 00:00:00,2011,1.46E+00
2011-05-14 00:00:00,2011,1.94E+00
2011-05-17 00:00:00,2011,2.03E+00
2011-05-20 00:00:00,2011,2.72E+00
2011-05-23 00:00:00,2011,3.36E+00
2011-05-26 00:00:00,2011,3.86E+00
2011-05-29 00:00:00,2011,3.74E+00
2011-06-01 00:00:00,2011,3.85E+00
2011-06-04 00:00:00,2011,4.67E+00
2011-06-07 00:00:00,2011,4.77E+00
2011-06-10 00:00:00,2011,6.37E+00
2011-06-13 00:00:00,2011,6.91E+00
2011-06-16 00:00:00,2011,8.76E+00
2011-06-19 00:00:00,2011,9.55E+00
2011-06-22 00:00:00,2011,1.18E+01
2011-06-25 00:00:00,2011,1.04E+01
2011-06-28 00:00:00,2011,1.05E+01
2011-07-01 00:00:00,2011,1.23E+01
2011-07-04 00:00:00,2011,1.12E+01
2011-07-07 00:00:00,2011,1.06E+01
2011-07-10 00:00:00,2011,1.12E+01
2011-07-13 00:00:00,2011,1.42E+01
2011-07-16 00:00:00,2011,1.24E+01
2011-07-19 00:00:00,2011,1.27E+01
2011-07-22 00:00:00,2011,1.20E+01
2011-07-25 00:00:00,2011,1.32E+01
2011-07-28 00:00:00,2011,1.40E+01
2011-07-31 00:00:00,2011,1.41E+01
2011-08-03 00:00:00,2011,1.49E+01
2011-08-06 00:00:00,2011,1.16E+01
2011-08-09 00:00:00,2011,1.25E+01
2011-08-12 00:00:00,2011,1.29E+01
2011-08-15 00:00:00,2011,1.34E+01
2011-08-18 00:00:00,2011,1.42E+01
2011-08-21 00:00:00,2011,1.30E+01
2011-08-24 00:00:00,2011,1.18E+01
2011-08-27 00:00:00,2011,1.18E+01
2011-08-30 00:00:00,2011,1.39E+01
2011-09-02 00:00:00,2011,1.43E+01
2011-09-05 00:00:00,2011,1.36E+01
2011-09-08 00:00:00,2011,1.10E+01
2011-09-11 00:00:00,2011,1.22E+01
2011-09-14 00:00:00,2011,1.33E+01
2011-09-17 00:00:00,2011,1.07E+01
2011-09-20 00:00:00,2011,1.21E+01
2011-09-23 00:00:00,2011,1.17E+01
2011-09-26 00:00:00,2011,1.20E+01
2011-09-29 00:00:00,2011,1.13E+01
2011-10-02 00:00:00,2011,1.10E+01
2011-10-05 00:00:00,2011,1.15E+01
2011-10-08 00:00:00,2011,1.08E+01
2011-10-11 00:00:00,2011,8.90E+00
2011-10-14 00:00:00,2011,1.12E+01
2011-10-17 00:00:00,2011,8.25E+00
2011-10-20 00:00:00,2011,7.52E+00
2011-10-23 00:00:00,2011,7.66E+00
2011-10-26 00:00:00,2011,7.96E+00
2011-10-29 00:00:00,2011,8.69E+00
2011-11-01 00:00:00,2011,8.73E+00
2011-11-04 00:00:00,2011,8.55E+00
2011-11-07 00:00:00,2011,7.84E+00
2011-11-10 00:00:00,2011,8.67E+00
2011-11-13 00:00:00,2011,8.79E+00
2011-11-16 00:00:00,2011,7.88E+00
2011-11-19 00:00:00,2011,7.65E+00
2011-11-22 00:00:00,2011,8.00E+00
2011-11-25 00:00:00,2011,7.71E+00
2011-11-28 00:00:00,2011,7.35E+00
2011-12-01 00:00:00,2011,1.00E+01
2011-12-04 00:00:00,2011,7.43E+00
2011-12-07 00:00:00,2011,7.97E+00
2011-12-10 00:00:00,2011,8.51E+00
2011-12-13 00:00:00,2011,7.41E+00
2011-12-16 00:00:00,2011,7.12E+00
2011-12-19 00:00:00,2011,8.67E+00
2011-12-22 00:00:00,2011,7.92E+00
2011-12-25 00:00:00,2011,9.99E+00
2011-12-28 00:00:00,2011,8.65E+00
2011-12-31 00:00:00,2011,9.28E+00
2012-01-03 00:00:00,2012,9.34E+00
2012-01-06 00:00:00,2012,9.80E+00
2012-01-09 00:00:00,2012,1.00E+01
2012-01-12 00:00:00,2012,1.03E+01
2012-01-15 00:00:00,2012,9.20E+00
2012-01-18 00:00:00,2012,8.83E+00
2012-01-21 00:00:00,2012,1.11E+01
2012-01-24 00:00:00,2012,8.78E+00
2012-01-27 00:00:00,2012,9.04E+00
2012-01-30 00:00:00,2012,1.08E+01
2012-02-02 00:00:00,2012,1.06E+01
2012-02-05 00:00:00,2012,9.33E+00
2012-02-08 00:00:00,2012,9.05E+00
2012-02-11 00:00:00,2012,9.46E+00
2012-02-14 00:00:00,2012,9.33E+00
2012-02-17 00:00:00,2012,9.74E+00
2012-02-20 00:00:00,2012,9.99E+00
2012-02-23 00:00:00,2012,1.15E+01
2012-02-26 00:00:00,2012,1.04E+01
2012-02-29 00:00:00,2012,1.27E+01
2012-03-03 00:00:00,2012,8.86E+00
2012-03-06 00:00:00,2012,1.10E+01
2012-03-09 00:00:00,2012,1.24E+01
2012-03-12 00:00:00,2012,1.26E+01
2012-03-15 00:00:00,2012,9.60E+00
2012-03-18 00:00:00,2012,1.16E+01
2012-03-21 00:00:00,2012,1.21E+01
2012-03-24 00:00:00,2012,1.28E+01
2012-03-27 00:00:00,2012,1.10E+01
2012-03-30 00:00:00,2012,1.21E+01
2012-04-02 00:00:00,2012,1.03E+01
2012-04-05 00:00:00,2012,9.62E+00
2012-04-08 00:00:00,2012,1.18E+01
2012-04-11 00:00:00,2012,1.16E+01
2012-04-14 00:00:00,2012,1.04E+01
2012-04-17 00:00:00,2012,1.11E+01
2012-04-20 00:00:00,2012,1.22E+01
2012-04-23 00:00:00,2012,1.16E+01
2012-04-26 00:00:00,2012,1.21E+01
2012-04-29 00:00:00,2012,1.24E+01
2012-05-02 00:00:00,2012,1.15E+01
2012-05-05 00:00:00,2012,1.17E+01
2012-05-08 00:00:00,2012,1.39E+01
2012-05-11 00:00:00,2012,1.06E+01
2012-05-14 00:00:00,2012,1.23E+01
2012-05-17 00:00:00,2012,1.02E+01
2012-05-20 00:00:00,2012,1.22E+01
2012-05-23 00:00:00,2012,1.04E+01
2012-05-26 00:00:00,2012,1.07E+01
2012-05-29 00:00:00,2012,1.08E+01
2012-06-01 00:00:00,2012,1.19E+01
2012-06-04 00:00:00,2012,1.19E+01
2012-06-07 00:00:00,2012,9.97E+00
2012-06-10 00:00:00,2012,1.34E+01
2012-06-13 00:00:00,2012,1.27E+01
2012-06-16 00:00:00,2012,1.26E+01
2012-06-19 00:00:00,2012,1.43E+01
2012-06-22 00:00:00,2012,1.21E+01
2012-06-25 00:00:00,2012,1.31E+01
2012-06-28 00:00:00,2012,1.16E+01
2012-07-01 00:00:00,2012,1.18E+01
2012-07-04 00:00:00,2012,1.38E+01
2012-07-07 00:00:00,2012,1.48E+01
2012-07-10 00:00:00,2012,1.31E+01
2012-07-13 00:00:00,2012,1.40E+01
2012-07-16 00:00:00,2012,1.29E+01
2012-07-19 00:00:00,2012,1.33E+01
2012-07-22 00:00:00,2012,1.29E+01
2012-07-25 00:00:00,2012,1.43E+01
2012-07-28 00:00:00,2012,1.58E+01
2012-07-31 00:00:00,2012,1.35E+01
2012-08-03 00:00:00,2012,1.75E+01
2012-08-06 00:00:00,2012,1.43E+01
2012-08-09 00:00:00,2012,1.61E+01
2012-08-12 00:00:00,2012,1.84E+01
2012-08-15 00:00:00,2012,1.86E+01
2012-08-18 00:00:00,2012,1.61E+01
2012-08-21 00:00:00,2012,1.97E+01
2012-08-24 00:00:00,2012,1.70E+01
2012-08-27 00:00:00,2012,1.81E+01
2012-08-30 00:00:00,2012,1.92E+01
2012-09-02 00:00:00,2012,1.86E+01
2012-09-05 00:00:00,2012,2.18E+01
2012-09-08 00:00:00,2012,1.87E+01
2012-09-11 00:00:00,2012,2.12E+01
2012-09-14 00:00:00,2012,2.17E+01
2012-09-17 00:00:00,2012,2.36E+01
2012-09-20 00:00:00,2012,2.09E+01
2012-09-23 00:00:00,2012,2.12E+01
2012-09-26 00:00:00,2012,2.04E+01
2012-09-29 00:00:00,2012,2.39E+01
2012-10-02 00:00:00,2012,1.94E+01
2012-10-05 00:00:00,2012,2.07E+01
2012-10-08 00:00:00,2012,2.52E+01
2012-10-11 00:00:00,2012,2.10E+01
2012-10-14 00:00:00,2012,2.10E+01
2012-10-17 00:00:00,2012,2.15E+01
2012-10-20 00:00:00,2012,2.11E+01
2012-10-23 00:00:00,2012,2.09E+01
2012-10-26 00:00:00,2012,2.46E+01
2012-10-29 00:00:00,2012,2.41E+01
2012-11-01 00:00:00,2012,2.22E+01
2012-11-04 00:00:00,2012,2.63E+01
2012-11-07 00:00:00,2012,2.58E+01
2012-11-10 00:00:00,2012,2.63E+01
2012-11-13 00:00:00,2012,2.28E+01
2012-11-16 00:00:00,2012,2.36E+01
2012-11-19 00:00:00,2012,2.06E+01
2012-11-22 00:00:00,2012,2.46E+01
2012-11-25 00:00:00,2012,2.36E+01
2012-11-28 00:00:00,2012,2.89E+01
2012-12-01 00:00:00,2012,2.74E+01
2012-12-04 00:00:00,2012,1.90E+01
2012-12-07 00:00:00,2012,2.12E+01
2012-12-10 00:00:00,2012,2.43E+01
2012-12-13 00:00:00,2012,2.28E+01
2012-12-16 00:00:00,2012,1.93E+01
2012-12-19 00:00:00,2012,2.40E+01
2012-12-22 00:00:00,2012,2.41E+01
2012-12-25 00:00:00,2012,2.06E+01
2012-12-28 00:00:00,2012,2.61E+01
2012-12-31 00:00:00,2012,2.49E+01
2013-01-03 00:00:00,2013,2.37E+01
2013-01-06 00:00:00,2013,2.10E+01
2013-01-09 00:00:00,2013,2.16E+01
2013-01-12 00:00:00,2013,1.92E+01
2013-01-15 00:00:00,2013,2.05E+01
2013-01-18 00:00:00,2013,2.02E+01
2013-01-21 00:00:00,2013,2.36E+01
2013-01-24 00:00:00,2013,2.39E+01
2013-01-27 00:00:00,2013,2.24E+01
2013-01-30 00:00:00,2013,2.14E+01
2013-02-02 00:00:00,2013,2.38E+01
2013-02-05 00:00:00,2013,2.80E+01
2013-02-08 00:00:00,2013,2.47E+01
2013-02-11 00:00:00,2013,2.59E+01
2013-02-14 00:00:00,2013,2.67E+01
2013-02-17 00:00:00,2013,3.03E+01
2013-02-20 00:00:00,2013,3.14E+01
2013-02-23 00:00:00,2013,2.94E+01
2013-02-26 00:00:00,2013,2.81E+01
2013-03-01 00:00:00,2013,3.43E+01
2013-03-04 00:00:00,2013,3.80E+01
2013-03-07 00:00:00,2013,3.30E+01
2013-03-10 00:00:00,2013,4.02E+01
2013-03-13 00:00:00,2013,3.34E+01
2013-03-16 00:00:00,2013,4.24E+01
2013-03-19 00:00:00,2013,4.75E+01
2013-03-22 00:00:00,2013,5.42E+01
2013-03-25 00:00:00,2013,4.53E+01
2013-03-28 00:00:00,2013,5.96E+01
2013-03-31 00:00:00,2013,5.23E+01
2013-04-03 00:00:00,2013,5.92E+01
2013-04-06 00:00:00,2013,6.41E+01
2013-04-09 00:00:00,2013,6.41E+01
2013-04-12 00:00:00,2013,6.60E+01
2013-04-15 00:00:00,2013,6.10E+01
2013-04-18 00:00:00,2013,7.27E+01
2013-04-21 00:00:00,2013,7.76E+01
2013-04-24 00:00:00,2013,7.81E+01
2013-04-27 00:00:00,2013,7.09E+01
2013-04-30 00:00:00,2013,7.46E+01
2013-05-03 00:00:00,2013,7.36E+01
2013-05-06 00:00:00,2013,8.16E+01
2013-05-09 00:00:00,2013,8.31E+01
2013-05-12 00:00:00,2013,8.92E+01
2013-05-15 00:00:00,2013,8.17E+01
2013-05-18 00:00:00,2013,8.17E+01
2013-05-21 00:00:00,2013,8.29E+01
2013-05-24 00:00:00,2013,9.01E+01
2013-05-27 00:00:00,2013,1.04E+02
2013-05-30 00:00:00,2013,1.02E+02
2013-06-02 00:00:00,2013,1.23E+02
2013-06-05 00:00:00,2013,1.57E+02
2013-06-08 00:00:00,2013,1.30E+02
2013-06-11 00:00:00,2013,1.37E+02
2013-06-14 00:00:00,2013,1.33E+02
2013-06-17 00:00:00,2013,1.48E+02
2013-06-20 00:00:00,2013,1.40E+02
2013-06-23 00:00:00,2013,1.69E+02
2013-06-26 00:00:00,2013,1.82E+02
2013-06-29 00:00:00,2013,1.71E+02
2013-07-02 00:00:00,2013,1.67E+02
2013-07-05 00:00:00,2013,1.88E+02
2013-07-08 00:00:00,2013,1.97E+02
2013-07-11 00:00:00,2013,2.50E+02
2013-07-14 00:00:00,2013,2.12E+02
2013-07-17 00:00:00,2013,2.20E+02
2013-07-20 00:00:00,2013,2.43E+02
2013-07-23 00:00:00,2013,2.25E+02
2013-07-26 00:00:00,2013,2.77E+02
2013-07-29 00:00:00,2013,2.58E+02
2013-08-01 00:00:00,2013,2.87E+02
2013-08-04 00:00:00,2013,3.18E+02
2013-08-07 00:00:00,2013,3.27E+02
2013-08-10 00:00:00,2013,3.70E+02
2013-08-13 00:00:00,2013,4.85E+02
2013-08-16 00:00:00,2013,4.34E+02
2013-08-19 00:00:00,2013,4.50E+02
2013-08-22 00:00:00,2013,5.25E+02
2013-08-25 00:00:00,2013,4.67E+02
2013-08-28 00:00:00,2013,5.46E+02
2013-08-31 00:00:00,2013,7.03E+02
2013-09-03 00:00:00,2013,6.05E+02
2013-09-06 00:00:00,2013,8.21E+02
2013-09-09 00:00:00,2013,8.34E+02
2013-09-12 00:00:00,2013,8.99E+02
2013-09-15 00:00:00,2013,1.02E+03
2013-09-18 00:00:00,2013,8.45E+02
2013-09-21 00:00:00,2013,1.05E+03
2013-09-24 00:00:00,2013,1.13E+03
2013-09-27 00:00:00,2013,1.30E+03
2013-09-30 00:00:00,2013,1.21E+03
2013-10-03 00:00:00,2013,1.54E+03
2013-10-06 00:00:00,2013,1.90E+03
2013-10-09 00:00:00,2013,1.72E+03
2013-10-12 00:00:00,2013,1.85E+03
2013-10-15 00:00:00,2013,2.33E+03
2013-10-18 00:00:00,2013,2.30E+03
2013-10-21 00:00:00,2013,2.68E+03
2013-10-24 00:00:00,2013,2.78E+03
2013-10-27 00:00:00,2013,3.44E+03
2013-10-30 00:00:00,2013,3.81E+03
2013-11-02 00:00:00,2013,4.22E+03
2013-11-05 00:00:00,2013,3.30E+03
2013-11-08 00:00:00,2013,3.38E+03
2013-11-11 00:00:00,2013,4.95E+03
2013-11-14 00:00:00,2013,4.29E+03
2013-11-17 00:00:00,2013,5.85E+03
2013-11-20 00:00:00,2013,4.94E+03
2013-11-23 00:00:00,2013,4.91E+03
2013-11-26 00:00:00,2013,4.97E+03
2013-11-29 00:00:00,2013,6.51E+03
2013-12-02 00:00:00,2013,5.73E+03
2013-12-05 00:00:00,2013,6.01E+03
2013-12-08 00:00:00,2013,6.29E+03
2013-12-11 00:00:00,2013,7.13E+03
2013-12-14 00:00:00,2013,9.03E+03
2013-12-17 00:00:00,2013,8.90E+03
2013-12-20 00:00:00,2013,9.12E+03
2013-12-23 00:00:00,2013,9.33E+03
2013-12-26 00:00:00,2013,1.05E+04
2013-12-29 00:00:00,2013,8.81E+03
2014-01-01 00:00:00,2014,1.17E+04
2014-01-04 00:00:00,2014,1.04E+04
2014-01-07 00:00:00,2014,1.32E+04
2014-01-10 00:00:00,2014,1.42E+04
2014-01-13 00:00:00,2014,1.81E+04
2014-01-16 00:00:00,2014,1.78E+04
2014-01-19 00:00:00,2014,1.64E+04
2014-01-22 00:00:00,2014,1.69E+04
2014-01-25 00:00:00,2014,1.69E+04
2014-01-28 00:00:00,2014,1.81E+04
2014-01-31 00:00:00,2014,2.01E+04
2014-02-03 00:00:00,2014,2.12E+04
2014-02-06 00:00:00,2014,2.18E+04
2014-02-09 00:00:00,2014,1.97E+04
2014-02-12 00:00:00,2014,2.18E+04
2014-02-15 00:00:00,2014,2.35E+04
2014-02-18 00:00:00,2014,2.60E+04
2014-02-21 00:00:00,2014,2.61E+04
2014-02-24 00:00:00,2014,2.83E+04
2014-02-27 00:00:00,2014,2.83E+04
2014-03-02 00:00:00,2014,2.83E+04
2014-03-05 00:00:00,2014,3.05E+04
2014-03-08 00:00:00,2014,3.32E+04
2014-03-11 00:00:00,2014,3.19E+04
2014-03-14 00:00:00,2014,2.94E+04
2014-03-17 00:00:00,2014,3.76E+04
2014-03-20 00:00:00,2014,3.53E+04
2014-03-23 00:00:00,2014,4.33E+04
2014-03-26 00:00:00,2014,3.93E+04
2014-03-29 00:00:00,2014,4.26E+04
2014-04-01 00:00:00,2014,4.46E+04
2014-04-04 00:00:00,2014,5.00E+04
2014-04-07 00:00:00,2014,4.44E+04
2014-04-10 00:00:00,2014,5.32E+04
2014-04-13 00:00:00,2014,6.05E+04
2014-04-16 00:00:00,2014,4.53E+04
2014-04-19 00:00:00,2014,5.65E+04
2014-04-22 00:00:00,2014,5.34E+04
2014-04-25 00:00:00,2014,5.69E+04
2014-04-28 00:00:00,2014,5.76E+04
2014-05-01 00:00:00,2014,6.68E+04
2014-05-04 00:00:00,2014,6.05E+04
2014-05-07 00:00:00,2014,6.48E+04
2014-05-10 00:00:00,2014,7.04E+04
2014-05-13 00:00:00,2014,7.48E+04
2014-05-16 00:00:00,2014,8.01E+04
2014-05-19 00:00:00,2014,7.79E+04
2014-05-22 00:00:00,2014,7.35E+04
2014-05-25 00:00:00,2014,7.85E+04
2014-05-28 00:00:00,2014,9.20E+04
2014-05-31 00:00:00,2014,7.90E+04
2014-06-03 00:00:00,2014,9.77E+04
2014-06-06 00:00:00,2014,8.65E+04
2014-06-09 00:00:00,2014,7.95E+04
2014-06-12 00:00:00,2014,9.06E+04
2014-06-15 00:00:00,2014,1.09E+05
2014-06-18 00:00:00,2014,1.14E+05
2014-06-21 00:00:00,2014,1.26E+05
2014-06-24 00:00:00,2014,1.33E+05
2014-06-27 00:00:00,2014,1.25E+05
2014-06-30 00:00:00,2014,1.05E+05
2014-07-03 00:00:00,2014,1.11E+05
2014-07-06 00:00:00,2014,1.25E+05
2014-07-09 00:00:00,2014,1.33E+05
2014-07-12 00:00:00,2014,1.38E+05
2014-07-15 00:00:00,2014,1.19E+05
2014-07-18 00:00:00,2014,1.37E+05
2014-07-21 00:00:00,2014,1.28E+05
2014-07-24 00:00:00,2014,1.28E+05
2014-07-27 00:00:00,2014,1.50E+05
2014-07-30 00:00:00,2014,1.63E+05
2014-08-02 00:00:00,2014,1.57E+05
2014-08-05 00:00:00,2014,1.23E+05
2014-08-08 00:00:00,2014,1.58E+05
2014-08-11 00:00:00,2014,1.78E+05
2014-08-14 00:00:00,2014,1.67E+05
2014-08-17 00:00:00,2014,1.62E+05
2014-08-20 00:00:00,2014,1.87E+05
2014-08-23 00:00:00,2014,1.86E+05
2014-08-26 00:00:00,2014,1.97E+05
2014-08-29 00:00:00,2014,1.97E+05
2014-09-01 00:00:00,2014,2.05E+05
2014-09-04 00:00:00,2014,2.28E+05
2014-09-07 00:00:00,2014,2.24E+05
2014-09-10 00:00:00,2014,2.13E+05
2014-09-13 00:00:00,2014,2.41E+05
2014-09-16 00:00:00,2014,2.51E+05
2014-09-19 00:00:00,2014,2.40E+05
2014-09-22 00:00:00,2014,2.33E+05
2014-09-25 00:00:00,2014,2.42E+05
2014-09-28 00:00:00,2014,2.40E+05
2014-10-01 00:00:00,2014,2.50E+05
2014-10-04 00:00:00,2014,2.46E+05
2014-10-07 00:00:00,2014,2.60E+05
2014-10-10 00:00:00,2014,2.77E+05
2014-10-13 00:00:00,2014,2.66E+05
2014-10-16 00:00:00,2014,2.61E+05
2014-10-19 00:00:00,2014,2.33E+05
2014-10-22 00:00:00,2014,2.98E+05
2014-10-25 00:00:00,2014,2.72E+05
2014-10-28 00:00:00,2014,2.68E+05
2014-10-31 00:00:00,2014,3.36E+05
2014-11-03 00:00:00,2014,2.77E+05
2014-11-06 00:00:00,2014,2.85E+05
2014-11-09 00:00:00,2014,2.74E+05
2014-11-12 00:00:00,2014,2.66E+05
2014-11-15 00:00:00,2014,2.95E+05
2014-11-18 00:00:00,2014,2.95E+05
2014-11-21 00:00:00,2014,2.48E+05
2014-11-24 00:00:00,2014,3.11E+05
2014-11-27 00:00:00,2014,2.62E+05
2014-11-30 00:00:00,2014,3.13E+05
2014-12-03 00:00:00,2014,2.42E+05
2014-12-06 00:00:00,2014,2.88E+05
2014-12-09 00:00:00,2014,2.76E+05
2014-12-12 00:00:00,2014,2.82E+05
2014-12-15 00:00:00,2014,3.04E+05
2014-12-18 00:00:00,2014,2.73E+05
2014-12-21 00:00:00,2014,2.84E+05
2014-12-24 00:00:00,2014,2.96E+05
2014-12-27 00:00:00,2014,3.14E+05
2014-12-30 00:00:00,2014,2.86E+05
2015-01-02 00:00:00,2015,3.23E+05
2015-01-05 00:00:00,2015,3.39E+05
2015-01-08 00:00:00,2015,2.73E+05
2015-01-11 00:00:00,2015,2.97E+05
2015-01-14 00:00:00,2015,3.30E+05
2015-01-17 00:00:00,2015,2.99E+05
2015-01-20 00:00:00,2015,2.62E+05
2015-01-23 00:00:00,2015,2.71E+05
2015-01-26 00:00:00,2015,2.78E+05
2015-01-29 00:00:00,2015,3.49E+05
2015-02-01 00:00:00,2015,3.49E+05
2015-02-04 00:00:00,2015,3.30E+05
2015-02-07 00:00:00,2015,3.53E+05
2015-02-10 00:00:00,2015,3.31E+05
2015-02-13 00:00:00,2015,3.09E+05
2015-02-16 00:00:00,2015,3.49E+05
2015-02-19 00:00:00,2015,3.62E+05
2015-02-22 00:00:00,2015,3.34E+05
2015-02-25 00:00:00,2015,3.62E+05
2015-02-28 00:00:00,2015,3.13E+05
2015-03-03 00:00:00,2015,3.57E+05
2015-03-06 00:00:00,2015,3.67E+05
2015-03-09 00:00:00,2015,3.11E+05
2015-03-12 00:00:00,2015,3.14E+05
2015-03-15 00:00:00,2015,3.47E+05
2015-03-18 00:00:00,2015,3.32E+05
2015-03-21 00:00:00,2015,3.37E+05
2015-03-24 00:00:00,2015,3.88E+05
2015-03-27 00:00:00,2015,3.99E+05
2015-03-30 00:00:00,2015,3.30E+05
2015-04-02 00:00:00,2015,3.41E+05
2015-04-05 00:00:00,2015,3.71E+05
2015-04-08 00:00:00,2015,2.93E+05
2015-04-11 00:00:00,2015,3.37E+05
2015-04-14 00:00:00,2015,3.88E+05
2015-04-17 00:00:00,2015,3.29E+05
2015-04-20 00:00:00,2015,4.08E+05
2015-04-23 00:00:00,2015,3.27E+05
2015-04-26 00:00:00,2015,3.53E+05
2015-04-29 00:00:00,2015,3.05E+05
2015-05-02 00:00:00,2015,3.48E+05
2015-05-05 00:00:00,2015,3.65E+05
2015-05-08 00:00:00,2015,3.51E+05
2015-05-11 00:00:00,2015,3.53E+05
2015-05-14 00:00:00,2015,3.32E+05
2015-05-17 00:00:00,2015,4.20E+05
2015-05-20 00:00:00,2015,3.45E+05
2015-05-23 00:00:00,2015,2.91E+05
2015-05-26 00:00:00,2015,3.28E+05
2015-05-29 00:00:00,2015,3.81E+05
2015-06-01 00:00:00,2015,3.32E+05
2015-06-04 00:00:00,2015,3.36E+05
2015-06-07 00:00:00,2015,3.95E+05
2015-06-10 00:00:00,2015,3.74E+05
2015-06-13 00:00:00,2015,3.74E+05
2015-06-16 00:00:00,2015,3.04E+05
2015-06-19 00:00:00,2015,3.98E+05
2015-06-22 00:00:00,2015,3.66E+05
2015-06-25 00:00:00,2015,3.95E+05
2015-06-28 00:00:00,2015,3.63E+05
2015-07-01 00:00:00,2015,3.56E+05
2015-07-04 00:00:00,2015,3.81E+05
2015-07-07 00:00:00,2015,3.63E+05
2015-07-10 00:00:00,2015,3.83E+05
2015-07-13 00:00:00,2015,3.68E+05
2015-07-16 00:00:00,2015,3.45E+05
2015-07-19 00:00:00,2015,3.63E+05
2015-07-22 00:00:00,2015,3.73E+05
2015-07-25 00:00:00,2015,3.98E+05
2015-07-28 00:00:00,2015,3.69E+05
2015-07-31 00:00:00,2015,3.61E+05
2015-08-03 00:00:00,2015,3.82E+05
2015-08-06 00:00:00,2015,3.64E+05
2015-08-09 00:00:00,2015,3.54E+05
2015-08-12 00:00:00,2015,3.22E+05
2015-08-15 00:00:00,2015,3.51E+05
2015-08-18 00:00:00,2015,3.80E+05
2015-08-21 00:00:00,2015,4.03E+05
2015-08-24 00:00:00,2015,4.23E+05
2015-08-27 00:00:00,2015,4.02E+05
2015-08-30 00:00:00,2015,3.88E+05
2015-09-02 00:00:00,2015,4.15E+05
2015-09-05 00:00:00,2015,4.28E+05
2015-09-08 00:00:00,2015,3.94E+05
2015-09-11 00:00:00,2015,4.90E+05
2015-09-14 00:00:00,2015,4.50E+05
2015-09-17 00:00:00,2015,3.99E+05
2015-09-20 00:00:00,2015,3.54E+05
2015-09-23 00:00:00,2015,4.42E+05
2015-09-26 00:00:00,2015,4.48E+05
2015-09-29 00:00:00,2015,5.10E+05
2015-10-02 00:00:00,2015,3.78E+05
2015-10-05 00:00:00,2015,4.47E+05
2015-10-08 00:00:00,2015,4.14E+05
2015-10-11 00:00:00,2015,4.53E+05
2015-10-14 00:00:00,2015,4.60E+05
2015-10-17 00:00:00,2015,3.96E+05
2015-10-20 00:00:00,2015,3.84E+05
2015-10-23 00:00:00,2015,4.66E+05
2015-10-26 00:00:00,2015,4.60E+05
2015-10-29 00:00:00,2015,4.58E+05
2015-11-01 00:00:00,2015,4.92E+05
2015-11-04 00:00:00,2015,4.80E+05
2015-11-07 00:00:00,2015,5.04E+05
2015-11-10 00:00:00,2015,4.43E+05
2015-11-13 00:00:00,2015,5.47E+05
2015-11-16 00:00:00,2015,5.76E+05
2015-11-19 00:00:00,2015,4.58E+05
2015-11-22 00:00:00,2015,5.70E+05
2015-11-25 00:00:00,2015,5.57E+05
2015-11-28 00:00:00,2015,5.28E+05
2015-12-01 00:00:00,2015,6.94E+05
2015-12-04 00:00:00,2015,5.28E+05
2015-12-07 00:00:00,2015,5.94E+05
2015-12-10 00:00:00,2015,7.71E+05
2015-12-13 00:00:00,2015,5.86E+05
2015-12-16 00:00:00,2015,6.61E+05
2015-12-19 00:00:00,2015,7.20E+05
2015-12-22 00:00:00,2015,6.55E+05
2015-12-25 00:00:00,2015,6.22E+05
2015-12-28 00:00:00,2015,7.48E+05
2015-12-31 00:00:00,2015,7.44E+05
2016-01-03 00:00:00,2016,7.69E+05
2016-01-06 00:00:00,2016,7.02E+05
2016-01-09 00:00:00,2016,8.21E+05
2016-01-12 00:00:00,2016,9.09E+05
2016-01-15 00:00:00,2016,6.93E+05
2016-01-18 00:00:00,2016,9.86E+05
2016-01-21 00:00:00,2016,7.55E+05
2016-01-24 00:00:00,2016,9.35E+05
2016-01-27 00:00:00,2016,9.19E+05
2016-01-30 00:00:00,2016,1.06E+06
2016-02-02 00:00:00,2016,9.79E+05
2016-02-05 00:00:00,2016,1.07E+06
2016-02-08 00:00:00,2016,1.15E+06
2016-02-11 00:00:00,2016,1.38E+06
2016-02-14 00:00:00,2016,1.29E+06
2016-02-17 00:00:00,2016,1.00E+06
2016-02-20 00:00:00,2016,1.28E+06
2016-02-23 00:00:00,2016,1.10E+06
2016-02-26 00:00:00,2016,1.22E+06
2016-02-29 00:00:00,2016,1.10E+06
2016-03-03 00:00:00,2016,1.08E+06
2016-03-06 00:00:00,2016,1.09E+06
2016-03-09 00:00:00,2016,1.30E+06
2016-03-12 00:00:00,2016,1.14E+06
2016-03-15 00:00:00,2016,1.20E+06
2016-03-18 00:00:00,2016,1.14E+06
2016-03-21 00:00:00,2016,1.04E+06
2016-03-24 00:00:00,2016,1.24E+06
2016-03-27 00:00:00,2016,1.26E+06
2016-03-30 00:00:00,2016,1.31E+06
2016-04-02 00:00:00,2016,1.24E+06
2016-04-05 00:00:00,2016,1.24E+06
2016-04-08 00:00:00,2016,1.17E+06
2016-04-11 00:00:00,2016,1.25E+06
2016-04-14 00:00:00,2016,1.47E+06
2016-04-17 00:00:00,2016,1.36E+06
2016-04-20 00:00:00,2016,1.47E+06
2016-04-23 00:00:00,2016,1.28E+06
2016-04-26 00:00:00,2016,1.34E+06
2016-04-29 00:00:00,2016,1.40E+06
2016-05-02 00:00:00,2016,1.39E+06
2016-05-05 00:00:00,2016,1.39E+06
2016-05-08 00:00:00,2016,1.45E+06
2016-05-11 00:00:00,2016,1.28E+06
2016-05-14 00:00:00,2016,1.39E+06
2016-05-17 00:00:00,2016,1.36E+06
2016-05-20 00:00:00,2016,1.44E+06
2016-05-23 00:00:00,2016,1.75E+06
2016-05-26 00:00:00,2016,1.36E+06
2016-05-29 00:00:00,2016,1.46E+06
2016-06-01 00:00:00,2016,1.43E+06
2016-06-04 00:00:00,2016,1.18E+06
2016-06-07 00:00:00,2016,1.41E+06
2016-06-10 00:00:00,2016,1.40E+06
2016-06-13 00:00:00,2016,1.57E+06
2016-06-16 00:00:00,2016,1.45E+06
2016-06-19 00:00:00,2016,1.73E+06
2016-06-22 00:00:00,2016,1.34E+06
2016-06-25 00:00:00,2016,1.73E+06
2016-06-28 00:00:00,2016,1.55E+06
2016-07-01 00:00:00,2016,1.63E+06
2016-07-04 00:00:00,2016,1.60E+06
2016-07-07 00:00:00,2016,1.46E+06
2016-07-10 00:00:00,2016,1.65E+06
2016-07-13 00:00:00,2016,1.38E+06
2016-07-16 00:00:00,2016,1.67E+06
2016-07-19 00:00:00,2016,1.36E+06
2016-07-22 00:00:00,2016,1.37E+06
2016-07-25 00:00:00,2016,1.40E+06
2016-07-28 00:00:00,2016,1.45E+06
2016-07-31 00:00:00,2016,1.63E+06
2016-08-03 00:00:00,2016,1.69E+06
2016-08-06 00:00:00,2016,1.68E+06
2016-08-09 00:00:00,2016,1.25E+06
2016-08-12 00:00:00,2016,1.50E+06
2016-08-15 00:00:00,2016,1.58E+06
2016-08-18 00:00:00,2016,1.66E+06
2016-08-21 00:00:00,2016,1.76E+06
2016-08-24 00:00:00,2016,1.65E+06
2016-08-27 00:00:00,2016,1.56E+06
2016-08-30 00:00:00,2016,1.81E+06
2016-09-02 00:00:00,2016,1.68E+06
2016-09-05 00:00:00,2016,1.54E+06
2016-09-08 00:00:00,2016,1.58E+06
2016-09-11 00:00:00,2016,1.80E+06
2016-09-14 00:00:00,2016,1.75E+06
2016-09-17 00:00:00,2016,1.83E+06
2016-09-20 00:00:00,2016,1.72E+06
2016-09-23 00:00:00,2016,1.53E+06
2016-09-26 00:00:00,2016,1.83E+06
2016-09-29 00:00:00,2016,1.71E+06
2016-10-02 00:00:00,2016,1.69E+06
2016-10-05 00:00:00,2016,2.00E+06
2016-10-08 00:00:00,2016,2.17E+06
2016-10-11 00:00:00,2016,1.79E+06
2016-10-14 00:00:00,2016,1.75E+06
2016-10-17 00:00:00,2016,1.61E+06
2016-10-20 00:00:00,2016,1.72E+06
2016-10-23 00:00:00,2016,1.82E+06
2016-10-26 00:00:00,2016,1.75E+06
2016-10-29 00:00:00,2016,1.88E+06
2016-11-01 00:00:00,2016,1.82E+06
2016-11-04 00:00:00,2016,1.46E+06
2016-11-07 00:00:00,2016,1.85E+06
2016-11-10 00:00:00,2016,2.13E+06
2016-11-13 00:00:00,2016,1.81E+06
2016-11-16 00:00:00,2016,2.18E+06
2016-11-19 00:00:00,2016,1.99E+06
2016-11-22 00:00:00,2016,1.88E+06
2016-11-25 00:00:00,2016,2.13E+06
2016-11-28 00:00:00,2016,2.30E+06
2016-12-01 00:00:00,2016,2.05E+06
2016-12-04 00:00:00,2016,2.11E+06
2016-12-07 00:00:00,2016,2.49E+06
2016-12-10 00:00:00,2016,1.88E+06
2016-12-13 00:00:00,2016,2.54E+06
2016-12-16 00:00:00,2016,2.05E+06
2016-12-19 00:00:00,2016,2.34E+06
2016-12-22 00:00:00,2016,2.45E+06
2016-12-25 00:00:00,2016,2.57E+06
2016-12-28 00:00:00,2016,2.59E+06
2016-12-31 00:00:00,2016,2.34E+06
2017-01-03 00:00:00,2017,2.59E+06
2017-01-06 00:00:00,2017,2.54E+06
2017-01-09 00:00:00,2017,2.15E+06
2017-01-12 00:00:00,2017,2.90E+06
2017-01-15 00:00:00,2017,2.80E+06
2017-01-18 00:00:00,2017,2.53E+06
2017-01-21 00:00:00,2017,3.03E+06
2017-01-24 00:00:00,2017,2.91E+06
2017-01-27 00:00:00,2017,3.32E+06
2017-01-30 00:00:00,2017,2.85E+06
2017-02-02 00:00:00,2017,3.07E+06
2017-02-05 00:00:00,2017,3.34E+06
2017-02-08 00:00:00,2017,3.06E+06
2017-02-11 00:00:00,2017,2.92E+06
2017-02-14 00:00:00,2017,3.55E+06
2017-02-17 00:00:00,2017,3.17E+06
2017-02-20 00:00:00,2017,3.24E+06
2017-02-23 00:00:00,2017,3.29E+06
2017-02-26 00:00:00,2017,3.90E+06
2017-03-01 00:00:00,2017,3.16E+06
2017-03-04 00:00:00,2017,3.07E+06
2017-03-07 00:00:00,2017,3.50E+06
2017-03-10 00:00:00,2017,3.57E+06
2017-03-13 00:00:00,2017,3.32E+06
2017-03-16 00:00:00,2017,3.50E+06
2017-03-19 00:00:00,2017,3.93E+06
2017-03-22 00:00:00,2017,3.81E+06
2017-03-25 00:00:00,2017,3.15E+06
2017-03-28 00:00:00,2017,3.67E+06
2017-03-31 00:00:00,2017,3.35E+06
2017-04-03 00:00:00,2017,4.37E+06
2017-04-06 00:00:00,2017,3.65E+06
2017-04-09 00:00:00,2017,3.95E+06
2017-04-12 00:00:00,2017,3.53E+06
2017-04-15 00:00:00,2017,3.91E+06
2017-04-18 00:00:00,2017,3.78E+06
2017-04-21 00:00:00,2017,4.32E+06
2017-04-24 00:00:00,2017,3.21E+06
2017-04-27 00:00:00,2017,3.81E+06
2017-04-30 00:00:00,2017,3.92E+06
2017-05-03 00:00:00,2017,3.43E+06
2017-05-06 00:00:00,2017,4.36E+06
2017-05-09 00:00:00,2017,4.02E+06
2017-05-12 00:00:00,2017,4.29E+06
2017-05-15 00:00:00,2017,4.73E+06
2017-05-18 00:00:00,2017,3.95E+06
2017-05-21 00:00:00,2017,4.09E+06
2017-05-24 00:00:00,2017,4.56E+06
2017-05-27 00:00:00,2017,4.98E+06
2017-05-30 00:00:00,2017,5.30E+06
2017-06-02 00:00:00,2017,4.33E+06
2017-06-05 00:00:00,2017,5.53E+06
2017-06-08 00:00:00,2017,5.57E+06
2017-06-11 00:00:00,2017,4.93E+06
2017-06-14 00:00:00,2017,4.72E+06
2017-06-17 00:00:00,2017,5.13E+06
2017-06-20 00:00:00,2017,4.88E+06
2017-06-23 00:00:00,2017,5.66E+06
2017-06-26 00:00:00,2017,5.02E+06
2017-06-29 00:00:00,2017,4.25E+06
2017-07-02 00:00:00,2017,6.62E+06
2017-07-05 00:00:00,2017,5.25E+06
2017-07-08 00:00:00,2017,5.81E+06
2017-07-11 00:00:00,2017,6.09E+06
2017-07-14 00:00:00,2017,5.56E+06
2017-07-17 00:00:00,2017,5.92E+06
2017-07-20 00:00:00,2017,6.48E+06
2017-07-23 00:00:00,2017,6.88E+06
2017-07-26 00:00:00,2017,5.88E+06
2017-07-29 00:00:00,2017,6.71E+06
2017-08-01 00:00:00,2017,6.37E+06
2017-08-04 00:00:00,2017,7.65E+06
2017-08-07 00:00:00,2017,6.54E+06
2017-08-10 00:00:00,2017,6.15E+06
2017-08-13 00:00:00,2017,6.79E+06
2017-08-16 00:00:00,2017,5.97E+06
2017-08-19 00:00:00,2017,6.93E+06
2017-08-22 00:00:00,2017,4.08E+06
2017-08-25 00:00:00,2017,4.46E+06
2017-08-28 00:00:00,2017,5.70E+06
2017-08-31 00:00:00,2017,7.20E+06
2017-09-03 00:00:00,2017,6.80E+06
2017-09-06 00:00:00,2017,7.43E+06
2017-09-09 00:00:00,2017,7.75E+06
2017-09-12 00:00:00,2017,8.62E+06
2017-09-15 00:00:00,2017,8.26E+06
2017-09-18 00:00:00,2017,6.97E+06
2017-09-21 00:00:00,2017,9.65E+06
2017-09-24 00:00:00,2017,7.95E+06
2017-09-27 00:00:00,2017,8.06E+06
2017-09-30 00:00:00,2017,7.57E+06
2017-10-03 00:00:00,2017,1.02E+07
2017-10-06 00:00:00,2017,8.88E+06
2017-10-09 00:00:00,2017,8.99E+06
2017-10-12 00:00:00,2017,8.55E+06
2017-10-15 00:00:00,2017,1.16E+07
2017-10-18 00:00:00,2017,8.98E+06
2017-10-21 00:00:00,2017,9.10E+06
2017-10-24 00:00:00,2017,9.94E+06
2017-10-27 00:00:00,2017,7.51E+06
2017-10-30 00:00:00,2017,1.06E+07
2017-11-02 00:00:00,2017,1.08E+07
2017-11-05 00:00:00,2017,1.02E+07
2017-11-08 00:00:00,2017,1.04E+07
2017-11-11 00:00:00,2017,5.43E+06
2017-11-14 00:00:00,2017,8.68E+06
2017-11-17 00:00:00,2017,1.13E+07
2017-11-20 00:00:00,2017,1.19E+07
2017-11-23 00:00:00,2017,1.06E+07
2017-11-26 00:00:00,2017,1.02E+07
2017-11-29 00:00:00,2017,1.16E+07
2017-12-02 00:00:00,2017,1.08E+07
2017-12-05 00:00:00,2017,1.19E+07
2017-12-08 00:00:00,2017,1.23E+07
2017-12-11 00:00:00,2017,1.35E+07
2017-12-14 00:00:00,2017,1.46E+07
2017-12-17 00:00:00,2017,1.46E+07
2017-12-20 00:00:00,2017,1.27E+07
2017-12-23 00:00:00,2017,1.29E+07
2017-12-26 00:00:00,2017,1.32E+07
2017-12-29 00:00:00,2017,1.54E+07
2018-01-01 00:00:00,2018,1.50E+07
2018-01-04 00:00:00,2018,1.61E+07
2018-01-07 00:00:00,2018,1.56E+07
2018-01-10 00:00:00,2018,1.59E+07
2018-01-13 00:00:00,2018,1.65E+07
2018-01-16 00:00:00,2018,1.76E+07
2018-01-19 00:00:00,2018,1.83E+07
2018-01-22 00:00:00,2018,1.85E+07
2018-01-25 00:00:00,2018,2.04E+07
2018-01-28 00:00:00,2018,2.04E+07
2018-01-31 00:00:00,2018,1.51E+07
2018-02-03 00:00:00,2018,2.04E+07
2018-02-06 00:00:00,2018,2.43E+07
2018-02-09 00:00:00,2018,1.93E+07
2018-02-12 00:00:00,2018,2.37E+07
2018-02-15 00:00:00,2018,1.87E+07
2018-02-18 00:00:00,2018,2.31E+07
2018-02-21 00:00:00,2018,2.53E+07
2018-02-24 00:00:00,2018,2.17E+07
2018-02-27 00:00:00,2018,2.39E+07
2018-03-02 00:00:00,2018,2.33E+07
2018-03-05 00:00:00,2018,2.44E+07
2018-03-08 00:00:00,2018,2.65E+07
2018-03-11 00:00:00,2018,2.50E+07
2018-03-14 00:00:00,2018,2.36E+07
2018-03-17 00:00:00,2018,2.44E+07
2018-03-20 00:00:00,2018,2.19E+07
2018-03-23 00:00:00,2018,2.29E+07
2018-03-26 00:00:00,2018,2.58E+07
2018-03-29 00:00:00,2018,2.62E+07
2018-04-01 00:00:00,2018,2.83E+07
2018-04-04 00:00:00,2018,2.57E+07
2018-04-07 00:00:00,2018,3.14E+07
2018-04-10 00:00:00,2018,2.86E+07
2018-04-13 00:00:00,2018,2.88E+07
2018-04-16 00:00:00,2018,2.69E+07
2018-04-19 00:00:00,2018,3.40E+07
2018-04-22 00:00:00,2018,3.05E+07
2018-04-25 00:00:00,2018,2.35E+07
2018-04-28 00:00:00,2018,2.56E+07
2018-05-01 00:00:00,2018,3.16E+07
2018-05-04 00:00:00,2018,2.76E+07
2018-05-07 00:00:00,2018,3.00E+07
2018-05-10 00:00:00,2018,3.08E+07
2018-05-13 00:00:00,2018,3.05E+07
2018-05-16 00:00:00,2018,3.69E+07
2018-05-19 00:00:00,2018,3.17E+07
2018-05-22 00:00:00,2018,3.11E+07
2018-05-25 00:00:00,2018,3.77E+07
2018-05-28 00:00:00,2018,3.34E+07
2018-05-31 00:00:00,2018,3.64E+07
2018-06-03 00:00:00,2018,3.49E+07
2018-06-06 00:00:00,2018,3.61E+07
2018-06-09 00:00:00,2018,3.51E+07
2018-06-12 00:00:00,2018,3.56E+07
2018-06-15 00:00:00,2018,3.76E+07
2018-06-18 00:00:00,2018,4.03E+07
2018-06-21 00:00:00,2018,4.29E+07
2018-06-24 00:00:00,2018,4.32E+07
2018-06-27 00:00:00,2018,3.05E+07
2018-06-30 00:00:00,2018,3.56E+07
2018-07-03 00:00:00,2018,3.09E+07
2018-07-06 00:00:00,2018,4.27E+07
2018-07-09 00:00:00,2018,3.63E+07
2018-07-12 00:00:00,2018,3.76E+07
2018-07-15 00:00:00,2018,3.55E+07
2018-07-18 00:00:00,2018,4.48E+07
2018-07-21 00:00:00,2018,3.53E+07
2018-07-24 00:00:00,2018,4.09E+07
2018-07-27 00:00:00,2018,4.30E+07
2018-07-30 00:00:00,2018,3.96E+07
2018-08-02 00:00:00,2018,4.52E+07
2018-08-05 00:00:00,2018,4.73E+07
2018-08-08 00:00:00,2018,4.64E+07
2018-08-11 00:00:00,2018,5.24E+07
2018-08-14 00:00:00,2018,4.32E+07
2018-08-17 00:00:00,2018,4.83E+07
2018-08-20 00:00:00,2018,4.76E+07
2018-08-23 00:00:00,2018,4.73E+07
2018-08-26 00:00:00,2018,5.79E+07
2018-08-29 00:00:00,2018,4.65E+07
2018-09-01 00:00:00,2018,5.05E+07
2018-09-04 00:00:00,2018,4.21E+07
2018-09-07 00:00:00,2018,5.27E+07
2018-09-10 00:00:00,2018,4.71E+07
2018-09-13 00:00:00,2018,5.16E+07
2018-09-16 00:00:00,2018,4.85E+07
2018-09-19 00:00:00,2018,5.44E+07
2018-09-22 00:00:00,2018,5.51E+07
2018-09-25 00:00:00,2018,6.01E+07
2018-09-28 00:00:00,2018,5.48E+07
2018-10-01 00:00:00,2018,5.62E+07
2018-10-04 00:00:00,2018,5.49E+07
2018-10-07 00:00:00,2018,5.26E+07
2018-10-10 00:00:00,2018,5.34E+07
2018-10-13 00:00:00,2018,5.23E+07
2018-10-16 00:00:00,2018,5.00E+07
2018-10-19 00:00:00,2018,5.07E+07
2018-10-22 00:00:00,2018,5.53E+07
2018-10-25 00:00:00,2018,4.89E+07
2018-10-28 00:00:00,2018,5.00E+07
2018-10-31 00:00:00,2018,5.82E+07
2018-11-03 00:00:00,2018,5.75E+07
2018-11-06 00:00:00,2018,4.57E+07
2018-11-09 00:00:00,2018,4.54E+07
2018-11-12 00:00:00,2018,5.00E+07
2018-11-15 00:00:00,2018,4.54E+07
2018-11-18 00:00:00,2018,4.07E+07
2018-11-21 00:00:00,2018,3.47E+07
2018-11-24 00:00:00,2018,4.73E+07
2018-11-27 00:00:00,2018,4.33E+07
2018-11-30 00:00:00,2018,3.34E+07
2018-12-03 00:00:00,2018,3.51E+07
2018-12-06 00:00:00,2018,3.79E+07
2018-12-09 00:00:00,2018,3.59E+07
2018-12-12 00:00:00,2018,3.37E+07
2018-12-15 00:00:00,2018,4.18E+07
2018-12-18 00:00:00,2018,3.58E+07
2018-12-21 00:00:00,2018,3.55E+07
2018-12-24 00:00:00,2018,3.86E+07
2018-12-27 00:00:00,2018,4.42E+07
2018-12-30 00:00:00,2018,4.47E+07
2019-01-02 00:00:00,2019,4.22E+07
2019-01-05 00:00:00,2019,4.55E+07
2019-01-08 00:00:00,2019,4.72E+07
2019-01-11 00:00:00,2019,4.13E+07
2019-01-14 00:00:00,2019,4.34E+07
2019-01-17 00:00:00,2019,3.71E+07
2019-01-20 00:00:00,2019,4.59E+07
2019-01-23 00:00:00,2019,4.27E+07
2019-01-26 00:00:00,2019,4.39E+07
2019-01-29 00:00:00,2019,4.22E+07
2019-02-01 00:00:00,2019,4.57E+07
2019-02-04 00:00:00,2019,4.25E+07
2019-02-07 00:00:00,2019,5.03E+07
2019-02-10 00:00:00,2019,4.10E+07
2019-02-13 00:00:00,2019,4.61E+07
2019-02-16 00:00:00,2019,4.52E+07
2019-02-19 00:00:00,2019,4.70E+07
2019-02-22 00:00:00,2019,4.88E+07
2019-02-25 00:00:00,2019,4.32E+07
2019-02-28 00:00:00,2019,4.53E+07
2019-03-03 00:00:00,2019,4.41E+07
2019-03-06 00:00:00,2019,3.86E+07
2019-03-09 00:00:00,2019,4.17E+07
2019-03-12 00:00:00,2019,4.31E+07
2019-03-15 00:00:00,2019,4.62E+07
2019-03-18 00:00:00,2019,4.86E+07
2019-03-21 00:00:00,2019,4.31E+07
2019-03-24 00:00:00,2019,4.75E+07
2019-03-27 00:00:00,2019,4.73E+07
2019-03-30 00:00:00,2019,4.41E+07
2019-04-02 00:00:00,2019,4.98E+07
2019-04-05 00:00:00,2019,5.01E+07
2019-04-08 00:00:00,2019,4.70E+07
2019-04-11 00:00:00,2019,4.99E+07
2019-04-14 00:00:00,2019,3.88E+07
2019-04-17 00:00:00,2019,4.39E+07
2019-04-20 00:00:00,2019,4.16E+07
2019-04-23 00:00:00,2019,3.66E+07
2019-04-26 00:00:00,2019,4.77E+07
2019-04-29 00:00:00,2019,5.15E+07
2019-05-02 00:00:00,2019,5.81E+07
2019-05-05 00:00:00,2019,4.30E+07
2019-05-08 00:00:00,2019,5.06E+07
2019-05-11 00:00:00,2019,4.33E+07
2019-05-14 00:00:00,2019,5.06E+07
2019-05-17 00:00:00,2019,5.03E+07
2019-05-20 00:00:00,2019,5.37E+07
2019-05-23 00:00:00,2019,5.27E+07
2019-05-26 00:00:00,2019,5.50E+07
2019-05-29 00:00:00,2019,5.80E+07
2019-06-01 00:00:00,2019,5.60E+07
2019-06-04 00:00:00,2019,5.71E+07
2019-06-07 00:00:00,2019,5.86E+07
2019-06-10 00:00:00,2019,5.82E+07
2019-06-13 00:00:00,2019,5.60E+07
2019-06-16 00:00:00,2019,4.79E+07
2019-06-19 00:00:00,2019,6.52E+07
2019-06-22 00:00:00,2019,5.19E+07
2019-06-25 00:00:00,2019,5.38E+07
2019-06-28 00:00:00,2019,6.43E+07
2019-07-01 00:00:00,2019,5.64E+07
2019-07-04 00:00:00,2019,6.59E+07
2019-07-07 00:00:00,2019,6.03E+07
2019-07-10 00:00:00,2019,5.81E+07
2019-07-13 00:00:00,2019,6.35E+07
2019-07-16 00:00:00,2019,7.30E+07
2019-07-19 00:00:00,2019,5.32E+07
2019-07-22 00:00:00,2019,7.12E+07
2019-07-25 00:00:00,2019,6.72E+07
2019-07-28 00:00:00,2019,7.84E+07
2019-07-31 00:00:00,2019,7.66E+07
2019-08-03 00:00:00,2019,7.75E+07
2019-08-06 00:00:00,2019,7.99E+07
2019-08-09 00:00:00,2019,7.30E+07
2019-08-12 00:00:00,2019,6.60E+07
2019-08-15 00:00:00,2019,7.79E+07
2019-08-18 00:00:00,2019,6.27E+07
2019-08-21 00:00:00,2019,6.88E+07
2019-08-24 00:00:00,2019,8.10E+07
2019-08-27 00:00:00,2019,6.83E+07
2019-08-30 00:00:00,2019,8.10E+07
2019-09-02 00:00:00,2019,7.98E+07
2019-09-05 00:00:00,2019,8.84E+07
2019-09-08 00:00:00,2019,9.48E+07
2019-09-11 00:00:00,2019,9.85E+07
2019-09-14 00:00:00,2019,9.16E+07
2019-09-17 00:00:00,2019,8.75E+07
2019-09-20 00:00:00,2019,8.93E+07
2019-09-23 00:00:00,2019,6.74E+07
2019-09-26 00:00:00,2019,1.02E+08
2019-09-29 00:00:00,2019,8.63E+07
2019-10-02 00:00:00,2019,9.39E+07
2019-10-05 00:00:00,2019,1.00E+08
2019-10-08 00:00:00,2019,1.03E+08
2019-10-11 00:00:00,2019,1.01E+08
2019-10-14 00:00:00,2019,8.73E+07
2019-10-17 00:00:00,2019,9.70E+07
2019-10-20 00:00:00,2019,9.44E+07
2019-10-23 00:00:00,2019,1.09E+08
2019-10-26 00:00:00,2019,9.53E+07
2019-10-29 00:00:00,2019,9.05E+07
2019-11-01 00:00:00,2019,8.85E+07
2019-11-04 00:00:00,2019,8.98E+07
2019-11-07 00:00:00,2019,9.17E+07
2019-11-10 00:00:00,2019,1.05E+08
2019-11-13 00:00:00,2019,8.54E+07
2019-11-16 00:00:00,2019,9.36E+07
2019-11-19 00:00:00,2019,9.30E+07
2019-11-22 00:00:00,2019,8.51E+07
2019-11-25 00:00:00,2019,8.06E+07
2019-11-28 00:00:00,2019,1.05E+08
2019-12-01 00:00:00,2019,8.96E+07
2019-12-04 00:00:00,2019,1.08E+08
2019-12-07 00:00:00,2019,9.92E+07
2019-12-10 00:00:00,2019,9.47E+07
2019-12-13 00:00:00,2019,9.73E+07
2019-12-16 00:00:00,2019,1.00E+08
2019-12-19 00:00:00,2019,1.01E+08
2019-12-22 00:00:00,2019,1.09E+08
2019-12-25 00:00:00,2019,8.24E+07
2019-12-28 00:00:00,2019,9.59E+07
2019-12-31 00:00:00,2019,9.33E+07
2020-01-03 00:00:00,2020,1.16E+08
2020-01-06 00:00:00,2020,9.26E+07
2020-01-09 00:00:00,2020,1.08E+08
2020-01-12 00:00:00,2020,1.04E+08
2020-01-15 00:00:00,2020,1.11E+08
2020-01-18 00:00:00,2020,9.70E+07
2020-01-21 00:00:00,2020,1.12E+08
2020-01-24 00:00:00,2020,1.12E+08
2020-01-27 00:00:00,2020,9.48E+07
2020-01-30 00:00:00,2020,1.20E+08
2020-02-02 00:00:00,2020,1.10E+08
2020-02-05 00:00:00,2020,1.22E+08
2020-02-08 00:00:00,2020,1.07E+08
2020-02-11 00:00:00,2020,1.14E+08
2020-02-14 00:00:00,2020,1.04E+08
2020-02-17 00:00:00,2020,1.21E+08
2020-02-20 00:00:00,2020,9.74E+07
2020-02-23 00:00:00,2020,1.10E+08
2020-02-26 00:00:00,2020,1.05E+08
2020-02-29 00:00:00,2020,1.07E+08
2020-03-03 00:00:00,2020,1.18E+08
2020-03-06 00:00:00,2020,1.19E+08
2020-03-09 00:00:00,2020,1.20E+08
2020-03-12 00:00:00,2020,1.24E+08
2020-03-15 00:00:00,2020,9.79E+07
2020-03-18 00:00:00,2020,8.23E+07
2020-03-21 00:00:00,2020,1.02E+08
2020-03-24 00:00:00,2020,1.09E+08
2020-03-27 00:00:00,2020,1.07E+08
2020-03-30 00:00:00,2020,1.02E+08
2020-04-02 00:00:00,2020,1.06E+08
2020-04-05 00:00:00,2020,1.21E+08
2020-04-08 00:00:00,2020,1.03E+08
2020-04-11 00:00:00,2020,1.16E+08
2020-04-14 00:00:00,2020,1.23E+08
2020-04-17 00:00:00,2020,9.29E+07
2020-04-20 00:00:00,2020,1.18E+08
2020-04-23 00:00:00,2020,1.13E+08
2020-04-26 00:00:00,2020,1.09E+08
2020-04-29 00:00:00,2020,1.15E+08
2020-05-02 00:00:00,2020,1.17E+08
2020-05-05 00:00:00,2020,1.26E+08
2020-05-08 00:00:00,2020,1.10E+08
2020-05-11 00:00:00,2020,1.26E+08
2020-05-14 00:00:00,2020,9.13E+07
2020-05-17 00:00:00,2020,8.17E+07
2020-05-20 00:00:00,2020,8.70E+07
2020-05-23 00:00:00,2020,8.95E+07
2020-05-26 00:00:00,2020,9.33E+07
2020-05-29 00:00:00,2020,9.56E+07
2020-06-01 00:00:00,2020,1.01E+08
2020-06-04 00:00:00,2020,1.09E+08
2020-06-07 00:00:00,2020,1.09E+08
2020-06-10 00:00:00,2020,1.12E+08
2020-06-13 00:00:00,2020,1.08E+08
2020-06-16 00:00:00,2020,1.06E+08
2020-06-19 00:00:00,2020,1.11E+08
2020-06-22 00:00:00,2020,1.12E+08
2020-06-25 00:00:00,2020,1.11E+08
2020-06-28 00:00:00,2020,1.18E+08
2020-07-01 00:00:00,2020,1.27E+08
2020-07-04 00:00:00,2020,1.23E+08
2020-07-07 00:00:00,2020,1.26E+08
2020-07-10 00:00:00,2020,1.26E+08
2020-07-13 00:00:00,2020,1.21E+08
2020-07-16 00:00:00,2020,1.17E+08
2020-07-19 00:00:00,2020,1.13E+08
2020-07-22 00:00:00,2020,1.24E+08
2020-07-25 00:00:00,2020,1.22E+08
2020-07-28 00:00:00,2020,1.21E+08
2020-07-31 00:00:00,2020,1.28E+08
2020-08-03 00:00:00,2020,1.36E+08
2020-08-06 00:00:00,2020,1.31E+08
2020-08-09 00:00:00,2020,1.31E+08
2020-08-12 00:00:00,2020,1.32E+08
2020-08-15 00:00:00,2020,1.31E+08
2020-08-18 00:00:00,2020,1.18E+08
2020-08-21 00:00:00,2020,1.31E+08
2020-08-24 00:00:00,2020,1.28E+08
2020-08-27 00:00:00,2020,1.13E+08
2020-08-30 00:00:00,2020,1.11E+08
2020-09-02 00:00:00,2020,1.26E+08
2020-09-05 00:00:00,2020,1.23E+08
2020-09-08 00:00:00,2020,1.34E+08
2020-09-11 00:00:00,2020,1.19E+08
2020-09-14 00:00:00,2020,1.52E+08
2020-09-17 00:00:00,2020,1.53E+08
2020-09-20 00:00:00,2020,1.35E+08
2020-09-23 00:00:00,2020,1.36E+08
2020-09-26 00:00:00,2020,1.44E+08
2020-09-29 00:00:00,2020,1.35E+08
2020-10-02 00:00:00,2020,1.31E+08
2020-10-05 00:00:00,2020,1.34E+08
2020-10-08 00:00:00,2020,1.55E+08
2020-10-11 00:00:00,2020,1.34E+08
2020-10-14 00:00:00,2020,1.43E+08
2020-10-17 00:00:00,2020,1.52E+08
2020-10-20 00:00:00,2020,1.43E+08
2020-10-23 00:00:00,2020,1.30E+08
2020-10-26 00:00:00,2020,1.09E+08
2020-10-29 00:00:00,2020,1.07E+08
2020-11-01 00:00:00,2020,1.24E+08
2020-11-04 00:00:00,2020,1.33E+08
2020-11-07 00:00:00,2020,1.22E+08
2020-11-10 00:00:00,2020,1.23E+08
2020-11-13 00:00:00,2020,1.16E+08
2020-11-16 00:00:00,2020,1.36E+08
2020-11-19 00:00:00,2020,1.20E+08
2020-11-22 00:00:00,2020,1.52E+08
2020-11-25 00:00:00,2020,1.36E+08
2020-11-28 00:00:00,2020,1.35E+08
2020-12-01 00:00:00,2020,1.45E+08
2020-12-04 00:00:00,2020,1.37E+08
2020-12-07 00:00:00,2020,1.43E+08
2020-12-10 00:00:00,2020,1.24E+08
2020-12-13 00:00:00,2020,1.48E+08
2020-12-16 00:00:00,2020,1.33E+08
2020-12-19 00:00:00,2020,1.47E+08
2020-12-22 00:00:00,2020,1.33E+08
2020-12-25 00:00:00,2020,1.34E+08
2020-12-28 00:00:00,2020,1.48E+08
2020-12-31 00:00:00,2020,1.53E+08
2021-01-03 00:00:00,2021,1.46E+08
2021-01-06 00:00:00,2021,1.64E+08
2021-01-09 00:00:00,2021,1.34E+08
2021-01-12 00:00:00,2021,1.52E+08
2021-01-15 00:00:00,2021,1.59E+08
2021-01-18 00:00:00,2021,1.49E+08
2021-01-21 00:00:00,2021,1.32E+08
2021-01-24 00:00:00,2021,1.44E+08
2021-01-27 00:00:00,2021,1.47E+08
2021-01-30 00:00:00,2021,1.41E+08
2021-02-02 00:00:00,2021,1.57E+08
2021-02-05 00:00:00,2021,1.75E+08
2021-02-08 00:00:00,2021,1.73E+08
2021-02-11 00:00:00,2021,1.37E+08
2021-02-14 00:00:00,2021,1.59E+08
2021-02-17 00:00:00,2021,1.47E+08
2021-02-20 00:00:00,2021,1.58E+08
2021-02-23 00:00:00,2021,1.37E+08
2021-02-26 00:00:00,2021,1.50E+08
2021-03-01 00:00:00,2021,1.40E+08
2021-03-04 00:00:00,2021,1.38E+08
2021-03-07 00:00:00,2021,1.56E+08
2021-03-10 00:00:00,2021,1.59E+08
2021-03-13 00:00:00,2021,1.52E+08
2021-03-16 00:00:00,2021,1.59E+08
2021-03-19 00:00:00,2021,1.58E+08
2021-03-22 00:00:00,2021,1.64E+08
2021-03-25 00:00:00,2021,1.67E+08
2021-03-28 00:00:00,2021,1.73E+08
2021-03-31 00:00:00,2021,1.71E+08
2021-04-03 00:00:00,2021,1.51E+08
2021-04-06 00:00:00,2021,1.66E+08
2021-04-09 00:00:00,2021,1.75E+08
2021-04-12 00:00:00,2021,1.66E+08
2021-04-15 00:00:00,2021,1.99E+08
2021-04-18 00:00:00,2021,1.45E+08
2021-04-21 00:00:00,2021,1.18E+08
2021-04-24 00:00:00,2021,1.70E+08
2021-04-27 00:00:00,2021,1.66E+08
2021-04-30 00:00:00,2021,1.70E+08
2021-05-03 00:00:00,2021,1.81E+08
2021-05-06 00:00:00,2021,1.74E+08
2021-05-09 00:00:00,2021,1.91E+08
2021-05-12 00:00:00,2021,1.76E+08
2021-05-15 00:00:00,2021,1.53E+08
2021-05-18 00:00:00,2021,1.25E+08
2021-05-21 00:00:00,2021,1.37E+08
2021-05-24 00:00:00,2021,1.57E+08
2021-05-27 00:00:00,2021,1.46E+08
2021-05-30 00:00:00,2021,1.52E+08
2021-06-02 00:00:00,2021,1.74E+08
2021-06-05 00:00:00,2021,1.37E+08
2021-06-08 00:00:00,2021,1.56E+08
2021-06-11 00:00:00,2021,1.10E+08
2021-06-14 00:00:00,2021,1.34E+08
2021-06-17 00:00:00,2021,1.29E+08
2021-06-20 00:00:00,2021,1.04E+08
2021-06-23 00:00:00,2021,1.00E+08
2021-06-26 00:00:00,2021,8.82E+07
2021-06-29 00:00:00,2021,8.92E+07
2021-07-02 00:00:00,2021,8.92E+07
2021-07-05 00:00:00,2021,9.42E+07
2021-07-08 00:00:00,2021,9.92E+07
2021-07-11 00:00:00,2021,8.92E+07
2021-07-14 00:00:00,2021,1.21E+08
2021-07-17 00:00:00,2021,1.02E+08
2021-07-20 00:00:00,2021,8.29E+07
2021-07-23 00:00:00,2021,9.18E+07
2021-07-26 00:00:00,2021,1.02E+08
2021-07-29 00:00:00,2021,1.09E+08
2021-08-01 00:00:00,2021,1.11E+08
2021-08-04 00:00:00,2021,9.80E+07
2021-08-07 00:00:00,2021,1.20E+08
2021-08-10 00:00:00,2021,1.19E+08
2021-08-13 00:00:00,2021,1.08E+08
2021-08-16 00:00:00,2021,1.25E+08
2021-08-19 00:00:00,2021,1.19E+08
2021-08-22 00:00:00,2021,1.27E+08
2021-08-25 00:00:00,2021,1.31E+08
2021-08-28 00:00:00,2021,1.23E+08
2021-08-31 00:00:00,2021,1.26E+08
2021-09-03 00:00:00,2021,1.30E+08
2021-09-06 00:00:00,2021,1.51E+08
2021-09-09 00:00:00,2021,1.25E+08
2021-09-12 00:00:00,2021,1.35E+08
2021-09-15 00:00:00,2021,1.30E+08
2021-09-18 00:00:00,2021,1.42E+08
2021-09-21 00:00:00,2021,1.14E+08
2021-09-24 00:00:00,2021,1.40E+08
2021-09-27 00:00:00,2021,1.46E+08
2021-09-30 00:00:00,2021,1.61E+08
2021-10-03 00:00:00,2021,1.42E+08
2021-10-06 00:00:00,2021,1.30E+08
2021-10-09 00:00:00,2021,1.48E+08
2021-10-12 00:00:00,2021,1.33E+08
2021-10-15 00:00:00,2021,1.39E+08
2021-10-18 00:00:00,2021,1.47E+08
2021-10-21 00:00:00,2021,1.48E+08
2021-10-24 00:00:00,2021,1.53E+08
2021-10-27 00:00:00,2021,1.57E+08
2021-10-30 00:00:00,2021,1.55E+08
2021-11-02 00:00:00,2021,1.70E+08
2021-11-05 00:00:00,2021,1.67E+08
2021-11-08 00:00:00,2021,1.45E+08
2021-11-11 00:00:00,2021,1.70E+08
2021-11-14 00:00:00,2021,1.75E+08
2021-11-17 00:00:00,2021,1.68E+08
2021-11-20 00:00:00,2021,1.63E+08
2021-11-23 00:00:00,2021,1.49E+08
2021-11-26 00:00:00,2021,1.49E+08
2021-11-29 00:00:00,2021,1.59E+08
2021-12-02 00:00:00,2021,1.72E+08
2021-12-05 00:00:00,2021,1.84E+08
2021-12-08 00:00:00,2021,1.87E+08
2021-12-11 00:00:00,2021,1.76E+08
2021-12-14 00:00:00,2021,1.78E+08
2021-12-17 00:00:00,2021,1.79E+08
2021-12-20 00:00:00,2021,1.73E+08
2021-12-23 00:00:00,2021,1.83E+08
2021-12-26 00:00:00,2021,1.62E+08
2021-12-29 00:00:00,2021,1.75E+08
2022-01-01 00:00:00,2022,2.08E+08
2022-01-04 00:00:00,2022,1.77E+08
2022-01-07 00:00:00,2022,1.69E+08
2022-01-10 00:00:00,2022,1.72E+08
2022-01-13 00:00:00,2022,2.17E+08
2022-01-16 00:00:00,2022,2.12E+08
2022-01-19 00:00:00,2022,2.10E+08
2022-01-22 00:00:00,2022,1.77E+08
2022-01-25 00:00:00,2022,2.01E+08
2022-01-28 00:00:00,2022,2.04E+08
2022-01-31 00:00:00,2022,1.89E+08
2022-02-03 00:00:00,2022,1.95E+08
2022-02-06 00:00:00,2022,2.07E+08
2022-02-09 00:00:00,2022,1.86E+08
2022-02-12 00:00:00,2022,2.48E+08
2022-02-15 00:00:00,2022,2.32E+08
2022-02-18 00:00:00,2022,1.86E+08
2022-02-21 00:00:00,2022,1.71E+08
2022-02-24 00:00:00,2022,1.84E+08
2022-02-27 00:00:00,2022,1.89E+08
2022-03-02 00:00:00,2022,1.89E+08
2022-03-05 00:00:00,2022,1.68E+08
2022-03-08 00:00:00,2022,2.03E+08
2022-03-11 00:00:00,2022,1.89E+08
2022-03-14 00:00:00,2022,2.10E+08
2022-03-17 00:00:00,2022,2.18E+08
2022-03-20 00:00:00,2022,2.10E+08
2022-03-23 00:00:00,2022,1.98E+08
2022-03-26 00:00:00,2022,2.20E+08
2022-03-29 00:00:00,2022,2.06E+08
2022-04-01 00:00:00,2022,2.00E+08
2022-04-04 00:00:00,2022,2.25E+08
2022-04-07 00:00:00,2022,1.96E+08
2022-04-10 00:00:00,2022,1.99E+08
2022-04-13 00:00:00,2022,1.99E+08
2022-04-16 00:00:00,2022,1.88E+08
2022-04-19 00:00:00,2022,1.74E+08
2022-04-22 00:00:00,2022,1.89E+08
2022-04-25 00:00:00,2022,2.27E+08
2022-04-28 00:00:00,2022,1.96E+08
2022-05-01 00:00:00,2022,2.47E+08
2022-05-04 00:00:00,2022,2.16E+08
2022-05-07 00:00:00,2022,2.12E+08
2022-05-10 00:00:00,2022,2.27E+08
2022-05-13 00:00:00,2022,2.36E+08
2022-05-16 00:00:00,2022,2.55E+08
2022-05-19 00:00:00,2022,1.90E+08
2022-05-22 00:00:00,2022,1.90E+08
2022-05-25 00:00:00,2022,2.20E+08
2022-05-28 00:00:00,2022,2.20E+08
2022-05-31 00:00:00,2022,2.17E+08
2022-06-03 00:00:00,2022,2.13E+08
2022-06-06 00:00:00,2022,2.23E+08
2022-06-09 00:00:00,2022,2.20E+08
2022-06-12 00:00:00,2022,1.91E+08
2022-06-15 00:00:00,2022,2.48E+08
2022-06-18 00:00:00,2022,2.35E+08
2022-06-21 00:00:00,2022,2.26E+08
2022-06-24 00:00:00,2022,1.90E+08
2022-06-27 00:00:00,2022,2.00E+08
2022-06-30 00:00:00,2022,2.51E+08
2022-07-03 00:00:00,2022,2.28E+08